{
    "name": "sprengBoard Tweedle",
    "vendorId": "0x5342",
    "productId": "0x0069",
    "matrix": {
        "rows": 10,
        "cols": 7
    },
    "layouts": {
        "labels": [
          ["Left half", "With encoder", "Without encoder"],
          ["Right half", "With encoder", "Without encoder"]
        ],
        "keymap": [
           
          [
    {
      "y": 1.2,
      "x": 0.25
    },
    "0,0",
    "0,1",
    "0,2"
  ],
  [
    {
      "y": -0.9500000000000002,
      "x": 14.6
    },
    "5,4",
    "5,5",
    {
      "w": 1.5
    },
    "5,6"
  ],
  [
    {
      "y": -0.04999999999999982,
      "x": 0.6,
      "w": 1.5
    },
    "1,0",
    "1,2"
  ],
  [
    {
      "y": -0.9500000000000002,
      "x": 14.75
    },
    "6,4",
    "6,5",
    "6,6"
  ],
  [
    {
      "y": -0.04999999999999982,
      "x": 0.2,
      "w": 1.75
    },
    "2,0",
    "2,2"
  ],
  [
    {
      "y": -0.9500000000000002,
      "x": 14.9
    },
    "7,4",
    "7,5",
    {
      "w": 1.75
    },
    "7,6"
  ],
  [
    {
      "y": -0.04999999999999982,
      "x": 0.05,
      "w": 1.75
    },
    "3,0",
    "3,2"
  ],
  [
    {
      "y": -0.9500000000000002,
      "x": 15.05
    },
    "8,4",
    {
      "w": 2.25
    },
    "8,6"
  ],
  [
    {
      "r": 8,
      "y": -5.25,
      "x": 4.55
    },
    "0,4"
  ],
  [
    {
      "y": -0.75,
      "x": 3.55
    },
    "0,3",
    {
      "x": 1
    },
    "0,5"
  ],
  [
    {
      "y": -0.75,
      "x": 6.55
    },
    "0,6"
  ],
  [
    {
      "y": -0.5,
      "x": 4.55
    },
    "1,4"
  ],
  [
    {
      "y": -0.75,
      "x": 3.55
    },
    "1,3",
    {
      "x": 1
    },
    "1,5"
  ],
  [
    {
      "y": -0.75,
      "x": 6.55
    },
    "1,6"
  ],
  [
    {
      "y": -0.5,
      "x": 4.55
    },
    "2,4"
  ],
  [
    {
      "y": -0.75,
      "x": 3.55
    },
    "2,3",
    {
      "x": 1
    },
    "2,5"
  ],
  [
    {
      "y": -0.75,
      "x": 6.55
    },
    "2,6"
  ],
  [
    {
      "y": -0.5,
      "x": 4.55
    },
    "3,4"
  ],
  [
    {
      "y": -0.75,
      "x": 3.55
    },
    "3,3",
    {
      "x": 1
    },
    "3,5"
  ],
  [
    {
      "y": -0.75,
      "x": 6.55
    },
    "3,6"
  ],
  [
    {
      "y": -0.20000000000000018,
      "x": 4.45,
      "w": 1.25
    },
    "4,2"
  ],
  [
    {
      "y": -0.75,
      "x": 5.7,
      "w": 1.25
    },
    "4,3"
  ],
  [
    {
      "rx": 10.5,
      "ry": 4,
      "y": -0.5,
      "x": -3.25
    },
    "4,6\n\n\n0,1"
  ],
  [
    {
      "x": -3.2
    },
    "4,6\n\n\n0,0\n\n\n\n\n\ne0"
  ],
  [
    {
      "r": 52,
      "rx": 13,
      "ry": 7.25,
      "y": 0.5499999999999998,
      "x": -2.9499999999999993,
      "w": 1.25
    },
    "9,2"
  ],
  [
    {
      "r": 53,
      "rx": 10.5,
      "y": 1.5500000000000007,
      "x": -2.3000000000000007
    },
    "4,5"
  ],
  [
    {
      "r": -53,
      "rx": 12.5,
      "ry": 7.5,
      "y": -2.8,
      "x": -1.6500000000000004
    },
    "9,1"
  ],
  [
    {
      "r": -52,
      "rx": 9.75,
      "y": -3.5,
      "x": -1.25,
      "w": 1.25
    },
    "4,4"
  ],
  [
    {
      "r": -8,
      "rx": 14,
      "ry": 6.75,
      "y": -6.15,
      "x": -0.8000000000000007
    },
    "5,2"
  ],
  [
    {
      "y": -0.7499999999999997,
      "x": -1.8000000000000007
    },
    "5,1",
    {
      "x": 1
    },
    "5,3"
  ],
  [
    {
      "y": -0.75,
      "x": -2.8000000000000007
    },
    "5,0"
  ],
  [
    {
      "y": -0.5,
      "x": -0.8000000000000007
    },
    "6,2"
  ],
  [
    {
      "y": -0.75,
      "x": -1.8000000000000007
    },
    "6,1",
    {
      "x": 1
    },
    "6,3"
  ],
  [
    {
      "y": -0.75,
      "x": -2.8000000000000007
    },
    "6,0"
  ],
  [
    {
      "y": -0.5,
      "x": -0.8000000000000007
    },
    "7,2"
  ],
  [
    {
      "y": -0.9500000000000002,
      "x": -4
    },
    "9,0\n\n\n1,1"
  ],
  [
    {
      "y": -0.7999999999999998,
      "x": -1.8000000000000007
    },
    "7,1",
    {
      "x": 1
    },
    "7,3"
  ],
  [
    {
      "y": -0.75,
      "x": -2.8000000000000007
    },
    "7,0"
  ],
  [
    {
      "y": -0.49999999999999956,
      "x": -4.050000000000001
    },
    "9,0\n\n\n1,0\n\n\n\n\n\ne1",
    {
      "x": 2.25
    },
    "8,2"
  ],
  [
    {
      "y": -0.7499999999999996,
      "x": -1.8000000000000007
    },
    "8,1",
    {
      "x": 1
    },
    "8,3"
  ],
  [
    {
      "y": -0.75,
      "x": -2.8000000000000007
    },
    "8,0"
  ],
  [
    {
      "y": -0.1999999999999993,
      "x": -0.9000000000000004,
      "w": 1.25
    },
    "9,4"
  ],
  [
    {
      "y": -0.75,
      "x": -2.1500000000000004,
      "w": 1.25
    },
    "9,3"
  ]
]
    }


}
